score,pred_total,feedback
200,700,"PASSO 3 - FEEDBACK:

A redacao apresenta uma boa estrutura e argumentos, porém há alguns pontos a melhorar. A primeira coisa a se destacar é a necessidade de corrigir as falhas de ortografia, pois isso pode afetar a impressão geral da redacao. Além disso, a proposta de intervencao precisa ser mais completa, especificando quais seriam essas palestras e como seria implementada essa medida. Por fim, seria interessante incluir uma discussão sobre a fiscalização mais rigorosa e específica realizada não somente pela Polícia Federal, mas pela própria comunidade, de forma a tornar a redacao mais completa e convincente."
200,640,"PASSO 3 - FEEDBACK:

A redacao apresenta uma boa norma culta e boa estrutura dissertativa-argumentativa. No entanto, para melhorar a nota total, a redacao poderia ter um título mais específico e uma melhor organização dos argumentos. Além disso, alguns argumentos podem ser mais claros e detalhados, e a redacao poderia ser mais clara e detalhada na proposta de intervencao. Também há algumas falhas de coesão entre as sentenças e algumas repetições, que podem ser corrigidas para melhorar a coesão do texto."
200,780,"PASSO 3 - FEEDBACK:
A redacao apresenta uma boa estrutura e argumentação, com uma boa seleção e organização de"
240,500,"PASSO 3 - FEEDBACK:

A redacao apresenta uma boa norma culta, com uma boa utilização de sinônimos e uma boa coesão entre as frases. Porém, houve algumas falhas ortográficas e de concordância verbais, que podem ser corrigidas para melhorar a nota.

A redacao apresenta um bom tema, com uma boa organização das frases e uma boa coesão entre elas. Porém, houve algumas falhas no desenvolvimento do tema, como a falta de um final mais conclusivo e uma falta de relação entre as frases. Para melhorar a nota, é necessário que o autor desenvolva o tema de maneira mais clara e conclusiva.

A redacao apresenta uma boa seleção de argumentos, com uma boa organização e uma boa coesão"
520,520,"PASSO 3 - FEEDBACK:

A redacao apresenta uma boa qualidade geral, com uma boa estrutura dissertativa-argumentativa e uma boa coesão. Porém, há alguns erros de gramática e"
80,560,"PASSO 3 - FEEDBACK:
A redacao apresenta argumentos relevantes e bem organizados, mas poderia ser melhorada com a adição de citas e evidências para fortalecer a argumentacao. Além disso, a redacao poderia ser melhorada com a correção de falhas de ortografia e a adição de mecanismos linguísticos para melhorar a articulação do texto. Por fim, a redacao poderia ser mais clara e concisa, e a conclusão poderia ser mais forte e conclusiva."
80,460,"PASSO 3 - FEEDBACK:

A redacao apresenta uma boa norma culta, mas há alguns pontos a melhorar. Primeiramente, é importante corrigir as falhas ortográficas e sintáxicas presentes no texto. Além disso, é importante melhorar a lógica de argumentação e a transição entre as partes do texto, para que a redacao seja mais coerente e clara. Por fim, é importante ter cuidado com a seleção e organização dos argumentos, para que a redacao seja mais convincente e persuasiva."
120,640,"PASSO 3 - FEEDBACK:

A red"
160,720,"PASSO 3 - FEEDBACK:

O texto apresenta uma boa estrutura dissertativa-argumentativa e uma proposta clara e detalhada. No entanto, para melhorar a redacao, sugiro que seja feita uma revisão ortográfica para corrigir as falhas encontradas, e que seja adicion"
160,460,"PASSO 3 - FEEDBACK:

A redacao apresenta um bom nível de domínio da norma padrão da língua escrita, com uma boa seleção de argumentos para apoiar a tese. Porém, há alguns pontos a melhorar, como a estrutura lógica e lével de abstração da redacao, que deveria ser mais clara para guiar o leitor. Além disso, há falhas de coesão e repetição de palavras que deveriam ser corrigidas para melhorar a fluidez do texto. Por fim, a proposta de intervencao deveria ser mais clara, com detalhamento sobre como seria essa"
240,620,"PASSO 1 - ANALISE:

C1 (Norma Culta): A redacao apresenta uma boa norma culta, com uma linguagem clara e concisa. Ao utilizar termos específicos como ""escravizar"", ""exploração"", ""escravidão"", ""direitos trabalhistas"" e ""abuso trabalhista"", a redacao demonstra um bom domínio da linguagem escrita. Porém, há alguns erros ortográficos, como ""suposto"" em vez de ""suposto(s)"", ""direitos"" em vez de ""direitos trabalhistas"" e ""extinção"" em vez de ""extinção do trabalho escravo"". Nota: 140/200

C2 (Tema/Estrutura): A redacao apresenta uma boa estrutura, com um tema claro e bem definido. A redacao apresenta uma introdução, um corpo e uma conclusão. Porém, há uma falta de coesão entre as frases e um pouco de repetição de informações. Nota: 120/200

C3 (Argumentacao): A redacao apresenta uma boa seleção de argumentos, com uma boa organização. A redacao apresenta informações sobre a escravidão no Brasil, as classes de famílias pobres mais vulneráveis a exploração trabalhista, as situações constrangedoras que as pessoas sofrem e a necessidade de reforço do governo nos direitos trabalhistas. Porém, há uma falta de detalhamento nos argumentos e uma falta de evidências para apoiar as afirmações. Nota: 100/200

C4 (Coesao): A redacao apresenta uma boa coesão, com a utilização de mecanismos linguísticos para articulação do texto. A redacao utiliza conexões lógicas entre as frases e utiliza uma linguagem clara e concisa. Porém, há alguns erros ortográficos e alguns termos não estão definidos. Nota: 140/200

C5 (Proposta de Intervencao): A redacao apresenta uma boa proposta de intervencao, com uma boa articulação do agente (o governo), ação (reforço do governo nos direitos trabalhistas e na fiscalização de empresas e micro empresas), meio (reforço do governo), efeito (extinção do trabalho escravo) e detalhamento (a necessidade de um porta-voz para combater esse crime aos direitos humanos). Porém, há uma falta de detalhamento nos meios de combater o crime e uma falta de evidências para apoiar a proposta. Nota: 120/200

PASSO 2 - NOTAS:"
240,760,"PASSO 3 - FEEDBACK:

A redacao apresenta uma boa estrutura dissertativa-argumentativa, com uma opinião clara e justificada. No entanto, o autor poderia melhorar a redacao por meio de uma maior precisão e detalhamento nas ideias apresentadas. Por exemplo, o autor poderia explicar mais detalhadamente como a internação obrigatória poderia beneficiar a população, e como a reunião sugerida poderia ser organizada. Além disso, o autor poderia melhorar a coesão do texto, por meio de uma maior utilização de conexões lógicas entre as ideias. Por exemplo, o autor poderia explicar como a internação obrigatória poderia ajudar os dependentes quimicos a construir uma família e viver trabalhando."
240,440,"PASSO 3 - FEEDBACK:

A redacao apresenta uma boa norma culta, estrutura e articulacao do texto. No entanto, a redacao poderia ser mais clara e precisa na explicacao do papel dos indígenas intermitentes, integrados e isolados na manutencao e valorizacao de sua cultura. Além disso, a redacao poderia incluir uma proposta clara de intervencao para garantir a manutencao, valorizacao e os direitos necessários para a tribo."
240,460,"PASSO 3 - FEEDBACK:

A redacao apresenta uma boa estrutura e uma boa seleção de argumentos, mas há uma falta de organização e coesão entre os parágrafos, além de uma falta de proposta de intervenção clara e concreta. Para melhorar a redacao, sugiro que o autor organize os parágrafos de forma mais coesa, com uma estrutura mais clara e uma proposta de intervenção mais concreta e detalhada. Além disso, sugiro que o autor corrija as falhas ortográficas e sintáticas para melhorar a norma culta da redacao."
240,520,"PASSO 3 - FEEDBACK:
A redacao apresenta um tema relevante e uma boa seleção de argumentos. No entanto, há uma falta de detalhamento em alguns argumentos, e a redacao poderia ser melhorada para ser mais clara e convencional"
280,600,"PASSO 3 - FEEDBACK:

A redacao apresenta uma boa estrutura e boa utilização de mecanismos linguisticos, com uma boa articulação do agente, acao, meio, efeito e detalhamento na proposta de intervencao. Porém, há algumas falhas no detalhamento de alguns argumentos e na coesão entre as frases. Para melhorar a redacao, recomendo que seja incluída mais evidências ou exemplos para apoiar as afirmações e que seja melhorada a transição entre as ideias. Além disso, recomendo que seja incluído mais detalhamento na proposta de intervencao,"
280,740,"PASSO 3 - FEEDBACK:

A redacao apresenta um tema relevante e argumentos fortes, com uma estrutura lógica e coesa. No entanto, há alguns erros ortográficos e sintáticos que devem ser corrigidos para melhorar a nota em C1. Além disso, a proposta de intervencao poderia ser melhorada com mais detalhamento, para que seja mais clara a ideia a ser transmitida. Por fim, é importante respeitar a norma de uso de maiúsculas e acentos em palavras, para melhorar a coesão do texto."
320,520,"PASSO 3 - FEEDBACK:

A redacao apresenta uma boa qualidade na maioria das competencias, com uma boa selecao e organizacao de argumentos, boa articulacao do texto e boa proposta de intervencao. Porém, há alguns erros de ortografia e alguns trechos que podem ser melhorados para uma melhor expressao de ideias. É importante que o autor corrija esses erros e melhorar a coesao entre as frases para uma melhor articulacao do texto. Além disso, é importante que o autor seja mais claro e conciso na expressao de ideias, para que o texto seja mais fácil de ler e compreender."
320,640,"PASSO 3 - FEEDBACK:

A redacao apresenta uma boa norma culta e boa articulação do texto. Porém, para melhorar a nota total, é necessário melhorar a estrutura dissertativa-argumentativa, com a inclusão de um corpo que apresente argumentos a favor da solução proposta. Além disso, é necessário melhorar a organização dos argumentos, com a inclusão de uma estrutura mais clara e coesa. Por fim, é necessário melhorar a proposta de intervencao, com a inclusão de mais detalhamento sobre os meios e efeitos da proposta."
320,700,"PASSO 3 - FEEDBACK:

O texto apresenta uma boa estrutura e argumentos, mas há algumas falhas de lógica e inconsistências que podem ser melhoradas para uma maior efetividade. Além disso, a introdução não é muito forte e poderia ser melhorada para uma maior clareza e enfoque no tema.

Para melhorar a redacao, sugiro que o autor faça uma revisão para corrigir as falhas de lógica e inconsistências, e melhorar a introdução para uma maior clareza e enfoque no tema. Além disso, é importante que o autor tenha cuidado com a precisão e efetividade das expressões e frases, para garantir que o texto seja mais claro e convincente."
320,800,"PASSO 3 - FEEDBACK:

A redacao apresenta um bom domínio da norma padrão da língua escrita, com um bom uso de mecanismos linguísticos para articulação do texto. No entanto, há pequenas falhas ortográficas que podem ser corrigidas para melhorar a nota. A estrutura da redacao é clara e coerente, com um tema claro e uma estrutura de discurso dissertativo-argumentativo que apresenta argumentos relevantes e bem organizados. A proposta de intervenção é clara e concreta, com um agente, uma acao, um meio, um efeito e um detalhamento. Para melhorar ainda mais a redacao, poderia ser útil adicionar mais detalhes sobre as reformas propostas e sobre as implicações dessas reformas para os índios. Além disso, poderia ser útil incluir fontes para apoiar as afirmações da redacao, para aumentar a credibilidade da argumentação."
320,680,"PASSO 3 - FEEDBACK:

O texto apresenta uma boa estrutura e uma boa seleção de argumentos, mas há alguns detalhes a serem melhorados. Para melhorar a redação, é necessário corrigir as falhas ortográficas e sintáticas, melhorar a seleção e detalhamento de argumentos, melhorar a coesão linguística e melhorar a especificação do detalhamento do efeito da proposta de intervenção. É recomendado que o autor leia mais sobre a norma culta da língua escrita e pratique mais para melhorar a redação."
320,640,"PASSO 3 - FEEDBACK:

A redacao apresenta boa qualidade em termos de norma culta, argumentacao e coesao linguistica. No entanto, para melhorar a nota total, a redacao poderia ser melhorada com a inclusao de uma introdução mais forte e uma conclusao que resuma os pontos principais, a utilizacao de mais variedade de estruturas de sentencas e a melhoria da fluidez do texto. Além disso, alguns argumentos podem ser mais desenvolvidos e explicados de maneira mais clara. A proposta de intervencao apresentada é boa, mas poderia ser melhorada com a inclusao de mais detalhes sobre as medidas especificas que devem ser"
320,680,"PASSO 3 - FEEDBACK:

A redacao apresenta uma boa estrutura e boa seleção de argumentos. Porém, para melhorar a nota, é necessário corrigir as pequenas falhas de ortografia e gramática, ser mais clara na explicação do papel do professor e da importância da educação política, ser mais forte na explicação dos direitos dos cidadãos, melhorar a coesão entre as frases e ter um título para o texto. Além disso, é importante ter um detalhamento mais completo na proposta de intervencao, para que seja possível entender melhor o que seria feito e como seria feito."
320,620,"PASSO 3 - FEEDBACK:

A redacao apresenta uma boa argumentacao sobre a importância da fé para ser um vencedor na vida. No entanto, para melhorar a nota, é necessário corrigir as falhas ortográficas e sintáticas, como a falta de acentos, a ausência de verbo auxiliar no verbo ""enganamos"" e a falta de concordância entre o plural ""vida"" e o singular ""isso"". Além disso, para melhorar a nota em C5, seria interessante incluir uma proposta concreta de como se deve se comportar para ser um vencedor. Por exemplo, poderia ser sugerido estudar, trabalhar duro, ser positivo e respeitar a opinião do próximo."
320,560,"PASSO 3 - FEEDBACK:

A redacao apresenta uma boa norma culta e uma boa coesão textual. Porém, a estrutura dissertativa-argumentativa pode ser melhorada com uma maior clareza e precisão no enunciado da questão e na exposição dos argumentos. O argumento principal não é bem desenvolvido e não há uma análise detalhada dos efeitos da falta de educação política nas crianças e adolescentes. Além disso, a proposta de reforma política não é bem desenvolvida e não há uma análise detalhada dos meios de implementação e dos efeitos que essa reforma poderia ter. Para melhorar a redacao, sugiro que o autor faça uma análise mais detalhada dos argumentos e da proposta de reforma, e use uma estrutura de sentenças"
360,620,"PASSO 3 - FEEDBACK:

A redacao apresenta uma boa estrutura dissertativa-argumentativa e uma boa seleção e organização de argumentos. No entanto, haja algumas falhas de coesão e ortografia, e a redacao poderia ter mais detalhamento e evidências para apoiar as afirmações. O estudante deve se esforçar para melhorar sua ortografia e coesão, e adicionar mais detalhamento e evidências para apoiar as afirmações."
360,760,"PASSO 3 - FEEDBACK:

A redacao apresenta uma boa qualidade de escrita, com uma linguagem clara e precisa, uma estrutura argumentativa concisa e uma boa seleção e organização de argumentos. Por outro lado, há algumas falhas ortográficas que devem ser corrigidas para melhorar a qualidade do texto. O autor também poderia melhorar a coesão do texto, por exemplo, por usando mais conexões lógicas entre as frases e por melhorar a transição entre as partes do texto. Além disso, o autor poderia melhorar a proposta de intervenção, por exemplo, por especificar mais detalhes sobre como o governo deve melhorar o sistema de transporte e por explicar como a pro"
400,680,"PASSO 3 - FEEDBACK:

A redacao apresenta uma boa estrutura dissertativa-argumentativa e uma boa proposta de solucao para o problema apresent"
400,660,"PASSO 3 - FEEDBACK:

O texto apresenta uma boa norma culta e uma boa articulação do texto, com uma discussão clara sobre o conflito entre a Constituição Federal e os Guardiões da Constituição. Porém, há algumas falhas de ortografia e sintaxe, e o texto poderia ser mais claro em alguns pontos, como na explicação do processo judicial e dos papéis dos tribunais. Para melhorar a redacao"
400,650,"PASSO 3 - FEEDBACK:

A redacao apresenta uma boa norma culta, boa seleção e organização de argumentos, boa coesão e uma boa proposta de intervenção. Porém, para melhorar a nota total, é recomendado corrigir os erros ortográficos e sintáticos, adicionar um título e uma conclusão mais forte, adicionar um argumento mais forte e uma maior justificação para a proposta de intervenção, e adicionar detalhamento sobre como as escolas e o governo irão implementar as palestras."
400,800,"PASSO 3 - FEEDBACK:

A redacao apresenta uma boa qualidade em todos os aspectos analisados. A redacao é clara, coerente e argumentada, com uma boa linguagem e uma boa estrutura. A redacao apresenta argumentos bem selecionados e organizados, com uma lógica clara e coerente. A redacao apresenta uma proposta clara e concisa, com um agente, uma acao, um meio, um efeito e um detalhamento.

Para melhorar a redac"
400,500,"PASSO 3 - FEEDBACK:

A redacao apresenta uma boa qualidade de escrita, com uma boa selecao de argumentos e uma boa proposta de intervencao. Porém, para melhorar a nota, a redacao poderia ser melhorada com a inclusao de um tese e um resumo para melhorar a clareza e coesao do texto, a utilizacao de mais mecanismos linguisticos"
400,620,"PASSO 3 - FEEDBACK:

A redacao apresenta uma boa qualidade geral, com uma boa seleção de argumentos e uma boa proposta de intervencao. No entanto, a redacao pode ser melhorada para ser mais clara e concisa, com uma melhor organizacao das ideias e uma melhor transição entre as ideias. Além disso, há algumas falhas ortográficas e sintáticas que podem ser corrigidas para melhorar a qualidade da redacao. O autor deve se esforçar para melhorar a coesão entre as ideias e a linguagem utilizada, para que a redacao seja mais clara e concisa."
400,540,"PASSO 3 - FEEDBACK:

A redacao apresenta uma boa norma culta, boa organizacao da informacao e boa articulacao do texto. Porém, há alguns erros ortográficos e sintáticos que podem afetar a clareza e coesao do texto. Além disso, a redacao poderia ser mais clara na explicacao do tema, impacto das greves de caminhoneiros e proposta de solucoes. É importante que a redacao seja mais precisa e concisa para que seja mais fácil para o leitor entender a mensagem."
400,460,"PASSO 3 - FEEDBACK:

A redacao apresenta uma boa norma culta, com uma linguagem clara e concisa. No entanto, há alguns erros ortográficos e sintáticos que devem ser corrigidos para melhorar a nota em C1.

A redacao apresenta um tema claro e relevante, e a estrutura é geralmente boa, mas a estrutura não é muito dissertativa-argumentativa, pois a redacao não apresenta uma teoria específica sobre a questão abordada. Para melhorar a nota em C2, é recomendado que a redacao apresente uma teoria específica sobre a questão abordada e apresente evidências ou exemplos que apoiem a ide"
400,750,"PASSO 3 - FEEDBACK:

A redacao apresenta uma boa estrutura dissertativa-argumentativa, com uma boa seleção e organizacao de argumentos. No entanto, é importante lembrar que a redacao deve ser escrita de forma mais precisa e formal, evitando a utilização de neologismos e falhas ortográficas e sintáticas. Além disso, é importante que a redacao seja mais objetiva e evite expressões subjetivas e pessoais. Por exemplo, a frase ""o livre porte de arm"
400,760,"PASSO 3 - FEEDBACK:

A redacao apresenta uma boa estrutura argumentativa e uma boa coesão linguística. No entanto, há algumas frases com estrutura sintática complexa que podem ser difíceis de entender para alguns leitores. Para melhorar a redacao, sugiro que seja feita uma revisão para simplificar a linguagem e tornar a redacao mais acessível a um público mais amplo. Além disso, sugiro que seja feita uma revisão para garantir que as informações apresentadas sejam precisas e atuais. Por exemplo, a cifra de 20 mil pessoas que morrem anualmente no Brasil devido à automedicação pode ser verificada para garantir sua precisão. Finalmente, sugiro que seja feita uma revisão para garantir que as propostas de intervencao sejam claras e concretas, com uma discussão sobre como elas podem ser implementadas em prática."
400,650,"PASSO 3 - FEEDBACK:

O texto apresenta uma boa estrutura e argumentação, com uma boa seleção e organização de argumentos. No entanto, a redacao poderia ter"
400,660,"PASSO 3 - FEEDBACK:

O texto apresenta uma boa norma culta e boa estrutura dissertativa-argumentativa, com uma boa seleção de informações e uma boa organização dos argumentos. Porém, há algumas pequenas falhas de ortografia e concordância entre os tempos verbais, que podem ser melhoradas. Além disso, a ligação entre as frases e o desenvolvimento do argumento poderia ser melhor, para que o texto seja mais claro e coerente. É importante que se tenha em mente que a proposta de intervenção é uma competencia importante, por isso, é importante que seja clara e detalhada."
400,640,"PASSO 3 - FEEDBACK:

A redacao apresenta uma boa norma culta, estrutura dissertativa-argumentativa, seleção e organização de argumentos, uso de mecanismos linguisticos e proposta de intervenção. Porém, para melhorar a redacao, é recomendado que o autor se esforce para ser mais preciso e conciso, evidencie e"
400,440,"PASSO 3 - FEEDBACK:

A redacao apresenta uma boa norma culta, mas a estrutura dissertativa-argumentativa e a organizacao dos argumentos podem ser melhorados para tornar a redacao mais clara e convincente. Além disso, a redacao não apresenta uma proposta clara de solução para os problemas apresentados, o que poderia ser melhorado para tornar a redacao mais útil e relevante."
400,680,"PASSO 3 - FEEDBACK:

A redacao apresenta boa qualidade geral, com uma boa seleção e organização de argumentos, uma boa coesão e uma boa proposta de intervencao. Porém, há algumas falhas ortográficas e de gramática que podem ser corrigidas para melhorar a nota. Além disso, a transição entre as ideias pode ser mais clara e concisa, o que pode melhorar a compreensão do texto. É importante que se tenha cuidado com a ortografia e a gramática para que a redacao seja mais clara e eficiente."
400,860,"PASSO 3 - FEEDBACK:

O texto apresenta uma boa qualidade geral, com uma linguagem clara, precisa e coerente. Porém, há algumas pequenas falhas ortográficas e sintáticas que devem ser corrigidas para melhorar a nota. Além disso, é importante ter cuidado na seleção de exemplos hist"
400,520,"PASSO 3 - FEEDBACK:

O texto apresenta uma boa norma culta, argumentos relevantes e um bom uso de mecanismos linguisticos. No entanto, a estrutura do texto não é muito clara, e o texto pode ser melhor organizado para ser mais fácil de ler e compreender. Além disso, há alguns erros de ortografia e gramatica que podem afetar a coesao do texto. Para melhorar a redacao, sugiro que o autor trabalhe na organizacao do texto, corrija os erros de ortografia e gramatica, e adicione mais detalhes e exemplos para ilustrar as suas ideias."
400,500,"PASSO 3 - FEEDBACK:

A redacao apresenta uma linguagem clara e coerente, porém há algumas expressões que podem ser melhoradas para atingir a norma culta padrão da lingua escrita. A estrutura dissertativa-argumentativa não é muito clara e há uma falta de coesão entre as ideias. A seleção e organização dos argumentos não são muito efetivas. O uso de mecanismos linguisticos para articulacao do texto é adequado, porém há algumas falhas de coesão entre as ideias. A proposta de intervencao não é clara, porém há algumas ideias sobre a necessidade de investimentos, especialização dos professores e apoio dos pais. Para melhorar a redacao, é recomendado que o autor melhorar a estrutura dissertativa-argumentativa, selecione e organize os argumentos de forma mais efetiva, e faça uma proposta de intervencao mais clara."
400,500,"PASSO 3 - FEEDBACK:

A redacao apresenta uma boa norma culta, uma boa estrutura dissertativa-argumentativa e uma boa seleção e organização de argumentos. Porém, há algumas frases com sintaxe irregular e a proposta de intervenção poderia ser mais detalhada e concreta. Para melhorar a redacao, sugiro que o autor revise as frases com sintaxe irregular e adicione mais detalhes sobre a proposta de intervenção, incluindo mais detalhes sobre a reeducação e a implantação da igualdade dos gêneros."
