index_redacao,prompt
0,13
1,82
2,78
3,10
4,14
5,7
6,33
7,77
8,29
9,17
10,33
11,36
12,29
13,23
14,55
15,52
16,77
17,25
18,5
19,25
20,12
21,14
22,19
23,55
24,78
25,73
26,35
27,10
28,35
29,39
30,21
31,37
32,4
33,13
34,12
35,42
36,1
37,21
38,4
39,75
40,82
41,78
42,78
43,78
44,78
45,78
46,82
47,52
48,78
49,74
50,78
51,37
52,30
53,41
54,0
55,81
56,47
57,78
58,8
59,26
60,24
61,22
62,5
63,78
64,78
65,78
66,26
67,8
68,78
69,78
70,78
71,85
72,82
73,78
74,78
75,48
76,78
77,82
78,48
79,83
80,83
81,25
82,39
83,64
84,71
85,65
86,19
87,68
88,53
89,52
90,76
91,52
92,58
93,48
94,52
95,53
96,68
97,42
98,59
99,54
100,62
101,75
102,56
103,49
104,72
105,65
106,51
107,75
108,60
109,73
110,57
111,82
112,69
113,75
114,54
115,46
116,34
117,24
118,18
119,16
120,11
121,29
122,36
123,50
124,76
125,52
126,66
127,52
128,50
129,51
130,53
131,57
132,66
133,52
134,66
135,55
136,62
137,57
138,70
139,51
140,68
141,74
142,73
143,56
144,63
145,55
146,52
147,52
148,52
149,58
150,51
151,12
152,20
153,13
154,34
155,55
156,82
157,72
158,76
159,52
160,43
161,63
162,49
163,71
164,56
165,52
166,57
167,58
168,57
169,51
170,54
171,52
172,74
173,74
174,55
175,62
176,55
177,57
178,60
179,52
180,52
181,52
182,51
183,70
184,54
185,59
186,54
187,62
188,45
189,70
190,54
191,43
192,61
193,60
194,75
195,58
196,28
197,30
198,17
199,27
200,33
201,18
202,41
203,15
204,3
205,9
206,19
207,26
208,23
209,56
210,73
211,77
212,52
213,62
214,58
215,54
216,52
217,54
218,47
219,74
220,58
221,70
222,80
223,52
224,54
225,70
226,51
227,53
228,54
229,70
230,57
231,52
232,64
233,58
234,64
235,55
236,52
237,65
238,54
239,81
240,58
241,56
242,55
243,56
244,59
245,54
246,74
247,62
248,55
249,62
250,58
251,52
252,51
253,52
254,55
255,59
256,55
257,60
258,62
259,54
260,61
261,32
262,27
263,5
264,4
265,12
266,33
267,6
268,72
269,52
270,69
271,70
272,58
273,68
274,59
275,56
276,52
277,50
278,81
279,73
280,70
281,59
282,80
283,59
284,46
285,59
286,58
287,60
288,58
289,58
290,55
291,59
292,73
293,65
294,65
295,76
296,76
297,55
298,76
299,78
300,80
301,69
302,70
303,58
304,72
305,50
306,55
307,56
308,76
309,64
310,51
311,60
312,72
313,74
314,59
315,73
316,52
317,40
318,15
319,19
320,30
321,32
322,17
323,11
324,28
325,0
326,28
327,58
328,47
329,82
330,81
331,54
332,74
333,78
334,49
335,70
336,76
337,78
338,73
339,62
340,60
341,71
342,73
343,73
344,82
345,70
346,78
347,63
348,51
349,82
350,56
351,49
352,46
353,80
354,68
355,76
356,70
357,75
358,70
359,64
360,60
361,73
362,82
363,51
364,71
365,59
366,73
367,60
368,62
369,71
370,60
371,49
372,75
373,85
374,49
375,75
376,51
377,71
378,63
379,63
380,70
381,77
382,58
383,51
384,74
385,81
386,77
387,70
388,54
389,79
390,60
391,75
392,55
393,76
394,70
395,75
396,54
397,49
398,68
399,76
400,62
401,72
402,71
403,71
404,69
405,56
406,62
407,59
408,73
409,56
410,50
411,64
412,77
413,54
414,58
415,75
416,79
417,68
418,49
419,78
420,60
421,63
422,63
423,73
424,74
425,79
426,50
427,82
428,71
429,58
430,54
431,72
432,60
433,76
434,39
435,15
436,3
437,62
438,71
439,54
440,55
441,54
442,62
443,73
444,65
445,74
446,62
447,79
448,50
449,81
450,52
451,56
452,59
453,56
454,64
455,71
456,71
457,69
458,44
459,51
460,71
461,81
462,66
463,51
464,71
465,63
466,48
467,58
468,81
469,55
470,54
471,68
472,50
473,84
474,18
475,41
476,4
477,76
478,59
479,72
480,74
481,56
482,70
483,49
484,56
485,72
486,67
487,58
488,70
489,84
490,84
491,45
492,49
493,71
494,63
495,71
496,69
497,51
498,63
499,73
500,70
501,68
502,68
503,59
504,58
505,70
506,48
507,73
508,49
509,84
510,63
511,62
512,62
513,60
514,69
515,58
516,57
517,51
518,84
519,49
520,49
521,68
522,60
523,84
524,49
525,56
526,49
527,55
528,69
529,72
530,51
531,50
532,52
533,3
534,85
535,72
536,83
537,84
538,85
539,56
540,64
541,79
542,72
543,56
544,56
545,83
546,64
547,63
548,51
549,74
550,47
551,83
552,83
553,58
554,82
555,79
556,72
557,82
558,84
559,74
560,65
561,40
562,83
563,64
564,83
565,84
566,81
567,83
568,84
569,83
570,44
571,83
572,44
573,45
574,83
575,44
576,83
577,83
578,85
579,84
580,84
581,83
582,85
583,84
584,85
585,84
586,83
587,84
588,84
589,83
590,85
591,84
592,83
593,83
594,83
595,84
596,9
597,50
598,14
599,45
600,24
601,48
602,47
603,25
604,14
605,9
606,9
607,48
608,44
609,44
610,20
611,45
612,47
613,44
614,19
615,11
616,29
617,45
618,49
619,76
620,50
621,84
622,79
623,45
624,47
625,46
626,55
627,49
628,74
629,50
630,50
631,28
632,17
633,0
634,34
635,48
636,81
637,47
638,50
639,48
640,77
641,84
642,43
643,50
644,49
645,46
646,51
647,50
648,66
649,48
650,48
651,46
652,43
653,84
654,48
655,47
656,49
657,45
658,59
659,79
660,52
661,43
662,45
663,49
664,76
665,46
666,80
667,8
668,18
669,10
670,6
671,74
672,49
673,49
674,43
675,49
676,50
677,50
678,48
679,48
680,49
681,51
682,79
683,48
684,63
685,43
686,48
687,49
688,60
689,85
690,48
691,84
692,84
693,66
694,81
695,44
696,49
697,46
698,81
699,50
700,50
701,50
702,50
703,82
704,51
705,45
706,46
707,50
708,43
709,45
710,43
711,80
712,49
713,50
714,63
715,49
716,84
717,46
718,2
719,16
720,3
721,6
722,82
723,45
724,45
725,43
726,51
727,43
728,43
729,51
730,50
731,83
732,83
733,73
734,48
735,45
736,82
737,50
738,84
739,71
740,80
741,50
742,62
743,79
744,76
745,45
746,75
747,59
748,43
749,48
750,48
751,44
752,49
753,81
754,73
755,47
756,44
757,44
758,74
759,30
760,79
761,81
762,82
763,44
764,79
765,45
766,82
767,48
768,50
769,76
770,85
771,76
772,48
773,48
774,82
775,55
776,43
777,43
778,63
779,50
780,83
781,79
782,82
783,46
784,78
785,83
786,82
787,79
788,45
789,50
790,45
791,43
792,82
793,43
794,84
795,79
796,43
797,68
798,58
799,47
800,44
801,43
802,46
803,46
804,51
805,46
806,83
807,79
808,83
809,5
810,40
811,81
812,47
813,81
814,46
815,48
816,48
817,43
818,48
819,43
820,43
821,83
822,43
823,44
824,44
825,47
826,43
827,44
828,45
829,43
830,46
831,44
832,48
833,84
834,46
835,10
836,43
837,44
838,43
839,45
840,46
841,46
842,83
843,43
844,44
845,81
846,82
847,47
848,82
849,44
850,48
851,85
852,84
853,46
854,45
855,44
856,45
857,45
858,44
859,23
860,12
861,3
862,84
863,84
864,48
865,83
866,46
867,43
868,85
869,83
870,46
871,45
872,83
873,44
874,83
875,84
876,82
877,84
878,12
879,69
880,84
881,84
882,85
883,43
884,22
885,44
886,43
887,70
888,21
889,22
890,45
891,14
892,43
893,69
894,44
895,69
896,39
897,84
898,43
899,4
900,19
901,20
902,2
903,83
904,86
905,86
906,94
907,86
908,94
909,94
910,94
911,94
912,94
913,94
914,95
915,95
916,95
917,95
918,86
919,95
920,95
921,95
922,95
923,95
924,86
925,86
926,95
927,95
928,95
929,95
930,95
931,95
932,95
933,95
934,95
935,95
936,86
937,95
938,95
939,87
940,86
941,87
942,87
943,87
944,87
945,87
946,87
947,86
948,87
949,87
950,87
951,87
952,87
953,87
954,87
955,87
956,87
957,87
958,87
959,86
960,87
961,87
962,87
963,87
964,87
965,87
966,88
967,88
968,88
969,86
970,88
971,88
972,88
973,88
974,88
975,88
976,88
977,86
978,88
979,88
980,88
981,88
982,88
983,88
984,88
985,88
986,88
987,88
988,88
989,86
990,88
991,88
992,88
993,86
994,89
995,86
996,89
997,89
998,89
999,89
1000,89
1001,89
1002,89
1003,89
1004,89
1005,89
1006,89
1007,89
1008,89
1009,89
1010,89
1011,89
1012,90
1013,90
1014,90
1015,90
1016,90
1017,90
1018,86
1019,90
1020,90
1021,90
1022,90
1023,90
1024,90
1025,90
1026,86
1027,90
1028,90
1029,90
1030,90
1031,86
1032,90
1033,90
1034,90
1035,90
1036,86
1037,90
1038,90
1039,90
1040,90
1041,90
1042,86
1043,91
1044,91
1045,91
1046,91
1047,91
1048,91
1049,91
1050,91
1051,91
1052,91
1053,91
1054,91
1055,91
1056,91
1057,91
1058,91
1059,91
1060,91
1061,91
1062,86
1063,91
1064,91
1065,91
1066,91
1067,91
1068,91
1069,91
1070,91
1071,91
1072,92
1073,92
1074,92
1075,92
1076,92
1077,92
1078,92
1079,86
1080,92
1081,92
1082,92
1083,92
1084,92
1085,92
1086,86
1087,92
1088,86
1089,92
1090,92
1091,92
1092,92
1093,92
1094,93
1095,93
1096,93
1097,93
1098,93
1099,86
1100,93
1101,93
1102,93
1103,86
1104,93
1105,93
1106,93
1107,86
1108,93
1109,93
1110,93
1111,93
1112,93
1113,93
1114,93
1115,93
1116,93
1117,93
1118,93
1119,93
1120,93
1121,86
1122,93
1123,93
1124,93
1125,94
1126,94
1127,94
1128,94
1129,86
1130,94
1131,94
1132,94
1133,94
1134,94
1135,94
1136,94
1137,94
1138,94
1139,96
1140,97
1141,97
1142,97
1143,97
1144,97
1145,98
1146,98
1147,98
1148,98
1149,98
1150,99
1151,101
1152,101
1153,101
1154,101
1155,102
1156,102
1157,102
1158,102
1159,102
1160,103
1161,104
1162,104
1163,104
1164,104
1165,105
1166,105
1167,107
1168,107
1169,108
1170,108
1171,109
1172,109
1173,110
1174,110
1175,111
1176,111
1177,112
1178,112
1179,113
1180,114
1181,114
1182,115
1183,115
1184,116
1185,116
1186,116
1187,116
1188,116
1189,117
1190,117
1191,117
1192,118
1193,118
1194,119
1195,119
1196,120
1197,120
1198,120
1199,120
1200,120
1201,121
1202,121
1203,121
1204,121
1205,122
1206,122
1207,122
1208,122
1209,123
1210,123
1211,123
1212,124
1213,124
1214,124
1215,124
1216,125
1217,126
1218,126
1219,126
1220,126
1221,126
1222,127
1223,128
1224,128
1225,128
1226,129
1227,129
1228,129
1229,129
1230,131
1231,131
1232,131
1233,131
1234,131
1235,131
1236,132
1237,132
1238,132
1239,132
1240,133
1241,133
1242,133
1243,133
1244,133
1245,134
1246,134
1247,134
1248,134
1249,135
1250,136
1251,137
1252,137
1253,137
1254,137
1255,137
1256,137
1257,138
1258,139
1259,139
1260,139
1261,139
1262,140
1263,140
1264,140
1265,141
1266,141
1267,141
1268,141
1269,142
1270,142
1271,142
1272,142
1273,143
1274,143
1275,143
1276,144
1277,144
1278,144
1279,144
1280,145
1281,145
1282,145
1283,145
1284,146
1285,146
1286,146
1287,146
1288,147
1289,148
1290,148
1291,148
1292,149
1293,149
1294,149
1295,150
1296,150
